timestamp,H01 Count,H02 Count,H03 Count,H04 Count,H05 Count,H06 Count,H07 Count,H08 Count,H09 Count,H10 Count,H11 Count,H12 Count,H13 Count,H14 Count,H15 Count,H16 Count,H17 Count,H18 Count,H19 Count,H20 Count,H21 Count,H22 Count,H23 Count,H24 Count,H25 Count,H26 Count,H27 Count,H28 Count,H29 Count,H30 Count,H31 Count,H32 Count,H33 Count,H34 Count,H35 Count,H36 Count,H01 AppTorque,H02 AppTorque,H03 AppTorque,H04 AppTorque,H05 AppTorque,H06 AppTorque,H07 AppTorque,H08 AppTorque,H09 AppTorque,H10 AppTorque,H11 AppTorque,H12 AppTorque,H13 AppTorque,H14 AppTorque,H15 AppTorque,H16 AppTorque,H17 AppTorque,H18 AppTorque,H19 AppTorque,H20 AppTorque,H21 AppTorque,H22 AppTorque,H23 AppTorque,H24 AppTorque,H25 AppTorque,H26 AppTorque,H27 AppTorque,H28 AppTorque,H29 AppTorque,H30 AppTorque,H31 AppTorque,H32 AppTorque,H33 AppTorque,H34 AppTorque,H35 AppTorque,H36 AppTorque,H01 Status,H02 Status,H03 Status,H04 Status,H05 Status,H06 Status,H07 Status,H08 Status,H09 Status,H10 Status,H11 Status,H12 Status,H13 Status,H14 Status,H15 Status,H16 Status,H17 Status,H18 Status,H19 Status,H20 Status,H21 Status,H22 Status,H23 Status,H24 Status,H25 Status,H26 Status,H27 Status,H28 Status,H29 Status,H30 Status,H31 Status,H32 Status,H33 Status,H34 Status,H35 Status,H36 Status
2026-02-01T02:37:13.000,104085.0,104085.0,104085.0,104085.0,104086.0,104085.0,104085.0,104085.0,104085.0,104085.0,104085.0,104085.0,104085.0,104085.0,104085.0,104085.0,104085.0,104085.0,104085.0,104085.0,104085.0,104085.0,104273.0,104086.0,104085.0,104085.0,104087.0,104085.0,104085.0,104085.0,104085.0,104085.0,104085.0,104085.0,104085.0,104085.0,2.0,1.994,1.994,2.002,1.998,1.998,2.001,1.996,1.997,1.995,1.998,2.0,1.998,1.995,1.995,1.999,1.993,1.997,1.998,2.0,2.0,1.995,1.999,1.995,1.996,2.002,1.996,1.998,1.999,2.001,1.995,1.997,1.995,1.998,1.996,1.996,0.0,0.0,0.0,0.0,0.0,0.0,0.0,0.0,0.0,0.0,0.0,0.0,0.0,0.0,0.0,0.0,0.0,0.0,0.0,0.0,0.0,0.0,0.0,0.0,0.0,0.0,0.0,0.0,0.0,0.0,0.0,0.0,0.0,0.0,0.0,0.0
2026-02-01T02:37:14.000,104086.0,104086.0,104086.0,104086.0,104087.0,104085.0,104085.0,104085.0,104085.0,104085.0,104085.0,104085.0,104085.0,104085.0,104085.0,104085.0,104085.0,104085.0,104085.0,104085.0,104085.0,104085.0,104273.0,104086.0,104085.0,104085.0,104087.0,104086.0,104086.0,104086.0,104086.0,104086.0,104086.0,104086.0,104086.0,104086.0,1.997,2.002,1.992,1.997,1.998,1.998,2.001,1.996,1.997,1.995,1.998,2.0,1.998,1.995,1.995,1.999,1.993,1.997,1.998,2.0,2.0,1.995,1.999,1.995,1.996,2.002,1.996,2.001,2.001,2.001,1.998,2.0,1.995,1.998,1.996,1.996,0.0,0.0,0.0,0.0,0.0,0.0,0.0,0.0,0.0,0.0,0.0,0.0,0.0,0.0,0.0,0.0,0.0,0.0,0.0,0.0,0.0,0.0,0.0,0.0,0.0,0.0,0.0,0.0,0.0,0.0,0.0,0.0,0.0,0.0,0.0,0.0
2026-02-01T02:37:15.000,104086.0,104086.0,104086.0,104086.0,104087.0,104086.0,104086.0,104086.0,104086.0,104086.0,104086.0,104086.0,104086.0,104086.0,104086.0,104086.0,104086.0,104086.0,104086.0,104086.0,104085.0,104085.0,104273.0,104086.0,104085.0,104085.0,104087.0,104086.0,104086.0,104086.0,104086.0,104086.0,104086.0,104086.0,104086.0,104086.0,1.997,2.002,1.992,1.997,1.998,2.002,1.998,1.998,1.997,1.996,2.0,2.0,1.995,2.001,1.995,2.002,1.997,1.994,2.001,2.0,2.0,1.995,1.999,1.995,1.996,2.002,1.996,2.001,2.001,2.001,1.998,2.0,1.995,1.998,1.996,1.996,0.0,0.0,0.0,0.0,0.0,0.0,0.0,0.0,0.0,0.0,0.0,0.0,0.0,0.0,0.0,0.0,0.0,0.0,0.0,0.0,0.0,0.0,0.0,0.0,0.0,0.0,0.0,0.0,0.0,0.0,0.0,0.0,0.0,0.0,0.0,0.0
2026-02-01T02:37:16.000,104086.0,104086.0,104086.0,104086.0,104087.0,104086.0,104086.0,104086.0,104086.0,104086.0,104086.0,104086.0,104086.0,104086.0,104086.0,104086.0,104086.0,104086.0,104086.0,104086.0,104086.0,104086.0,104274.0,104087.0,104086.0,104086.0,104088.0,104087.0,104087.0,104087.0,104087.0,104087.0,104087.0,104087.0,104086.0,104086.0,1.997,2.002,1.992,1.997,1.998,2.002,1.998,1.998,1.997,1.996,2.0,2.0,1.995,2.001,1.995,2.002,1.997,1.994,2.001,1.994,1.996,1.992,1.996,1.995,1.993,1.998,1.994,1.996,1.999,1.998,1.996,1.994,1.999,1.999,1.996,1.996,0.0,0.0,0.0,0.0,0.0,0.0,0.0,0.0,0.0,0.0,0.0,0.0,0.0,0.0,0.0,0.0,0.0,0.0,0.0,0.0,0.0,0.0,0.0,0.0,0.0,0.0,0.0,0.0,0.0,0.0,0.0,0.0,0.0,0.0,0.0,0.0
2026-02-01T02:37:17.000,104087.0,104087.0,104087.0,104087.0,104088.0,104087.0,104087.0,104087.0,104087.0,104087.0,104087.0,104087.0,104086.0,104086.0,104086.0,104086.0,104086.0,104086.0,104086.0,104086.0,104086.0,104086.0,104274.0,104087.0,104086.0,104086.0,104088.0,104087.0,104087.0,104087.0,104087.0,104087.0,104087.0,104087.0,104087.0,104087.0,1.997,2.0,1.999,1.991,1.998,2.001,2.0,2.002,1.998,1.995,1.995,1.997,1.995,2.001,1.995,2.002,1.997,1.994,2.001,1.994,1.996,1.992,1.996,1.995,1.993,1.998,1.994,1.996,1.999,1.998,1.996,1.994,1.999,1.999,1.999,1.999,0.0,0.0,0.0,0.0,0.0,0.0,0.0,0.0,0.0,0.0,0.0,0.0,0.0,0.0,0.0,0.0,0.0,0.0,0.0,0.0,0.0,0.0,0.0,0.0,0.0,0.0,0.0,0.0,0.0,0.0,0.0,0.0,0.0,0.0,0.0,0.0
2026-02-01T02:37:18.000,104087.0,104087.0,104087.0,104087.0,104088.0,104087.0,104087.0,104087.0,104087.0,104087.0,104087.0,104087.0,104087.0,104087.0,104087.0,104087.0,104087.0,104087.0,104087.0,104087.0,104087.0,104087.0,104275.0,104088.0,104087.0,104087.0,104089.0,104087.0,104087.0,104087.0,104087.0,104087.0,104087.0,104087.0,104087.0,104087.0,1.997,2.0,1.999,1.991,1.998,2.001,2.0,2.002,1.998,1.995,1.995,1.997,2.0,1.999,1.998,1.999,2.0,1.994,1.998,1.997,1.994,1.995,1.999,2.0,1.998,1.998,2.0,1.996,1.999,1.998,1.996,1.994,1.999,1.999,1.999,1.999,0.0,0.0,0.0,0.0,0.0,0.0,0.0,0.0,0.0,0.0,0.0,0.0,0.0,0.0,0.0,0.0,0.0,0.0,0.0,0.0,0.0,0.0,0.0,0.0,0.0,0.0,0.0,0.0,0.0,0.0,0.0,0.0,0.0,0.0,0.0,0.0
2026-02-01T02:37:19.000,104088.0,104088.0,104088.0,104088.0,104089.0,104087.0,104087.0,104087.0,104087.0,104087.0,104087.0,104087.0,104087.0,104087.0,104087.0,104087.0,104087.0,104087.0,104087.0,104087.0,104087.0,104087.0,104275.0,104088.0,104087.0,104087.0,104089.0,104088.0,104088.0,104088.0,104088.0,104088.0,104088.0,104088.0,104088.0,104088.0,1.992,1.994,1.994,1.996,1.994,2.001,2.0,2.002,1.998,1.995,1.995,1.997,2.0,1.999,1.998,1.999,2.0,1.994,1.998,1.997,1.994,1.995,1.999,2.0,1.998,1.998,2.0,1.998,1.996,2.001,2.001,1.999,1.995,1.999,1.999,2.002,0.0,0.0,0.0,0.0,0.0,0.0,0.0,0.0,0.0,0.0,0.0,0.0,0.0,0.0,0.0,0.0,0.0,0.0,0.0,0.0,0.0,0.0,0.0,0.0,0.0,0.0,0.0,0.0,0.0,0.0,0.0,0.0,0.0,0.0,0.0,0.0
2026-02-01T02:37:20.000,104088.0,104088.0,104088.0,104088.0,104089.0,104088.0,104088.0,104088.0,104088.0,104088.0,104088.0,104088.0,104088.0,104088.0,104088.0,104088.0,104088.0,104088.0,104088.0,104088.0,104087.0,104087.0,104275.0,104088.0,104087.0,104087.0,104089.0,104088.0,104088.0,104088.0,104088.0,104088.0,104088.0,104088.0,104088.0,104088.0,1.992,1.994,1.994,1.996,1.994,1.995,1.994,1.996,1.992,1.996,1.998,1.997,1.998,1.996,1.999,1.997,1.996,2.002,2.0,1.997,1.994,1.995,1.999,2.0,1.998,1.998,2.0,1.998,1.996,2.001,2.001,1.999,1.995,1.999,1.999,2.002,0.0,0.0,0.0,0.0,0.0,0.0,0.0,0.0,0.0,0.0,0.0,0.0,0.0,0.0,0.0,0.0,0.0,0.0,0.0,0.0,0.0,0.0,0.0,0.0,0.0,0.0,0.0,0.0,0.0,0.0,0.0,0.0,0.0,0.0,0.0,0.0
2026-02-01T02:37:21.000,104088.0,104088.0,104088.0,104088.0,104089.0,104088.0,104088.0,104088.0,104088.0,104088.0,104088.0,104088.0,104088.0,104088.0,104088.0,104088.0,104088.0,104088.0,104088.0,104088.0,104088.0,104088.0,104276.0,104089.0,104088.0,104088.0,104090.0,104089.0,104089.0,104089.0,104089.0,104089.0,104089.0,104089.0,104088.0,104088.0,1.992,1.994,1.994,1.996,1.994,1.995,1.994,1.996,1.992,1.996,1.998,1.997,1.998,1.996,1.999,1.997,1.996,2.002,2.0,1.997,0.0,1.997,1.996,1.997,1.992,1.998,1.996,1.998,1.999,2.001,1.996,1.999,1.999,1.998,1.999,2.002,0.0,0.0,0.0,0.0,0.0,0.0,0.0,0.0,0.0,0.0,0.0,0.0,0.0,0.0,0.0,0.0,0.0,0.0,0.0,0.0,2.0,65.0,0.0,0.0,0.0,0.0,0.0,0.0,0.0,0.0,0.0,0.0,0.0,0.0,0.0,0.0
2026-02-01T02:37:22.000,104089.0,104089.0,104089.0,104089.0,104090.0,104089.0,104089.0,104089.0,104089.0,104089.0,104089.0,104089.0,104089.0,104088.0,104088.0,104088.0,104088.0,104088.0,104088.0,104088.0,104088.0,104088.0,104276.0,104089.0,104088.0,104088.0,104090.0,104089.0,104089.0,104089.0,104089.0,104089.0,104089.0,104089.0,104089.0,104089.0,1.995,1.996,1.997,1.997,2.0,2.001,2.0,1.996,1.998,2.001,1.998,1.998,1.995,1.996,1.999,1.997,1.996,2.002,2.0,1.997,0.0,1.997,1.996,1.997,1.992,1.998,1.996,1.998,1.999,2.001,1.996,1.999,1.999,1.998,2.002,1.999,0.0,0.0,0.0,0.0,0.0,0.0,0.0,0.0,0.0,0.0,0.0,0.0,0.0,0.0,0.0,0.0,0.0,0.0,0.0,0.0,2.0,65.0,0.0,0.0,0.0,0.0,0.0,0.0,0.0,0.0,0.0,0.0,0.0,0.0,0.0,0.0
2026-02-01T02:37:23.000,104089.0,104089.0,104089.0,104089.0,104090.0,104089.0,104089.0,104089.0,104089.0,104089.0,104089.0,104089.0,104089.0,104089.0,104089.0,104089.0,104089.0,104089.0,104089.0,104089.0,104089.0,104089.0,104277.0,104090.0,104089.0,104089.0,104091.0,104089.0,104089.0,104089.0,104089.0,104089.0,104089.0,104089.0,104089.0,104089.0,1.995,1.996,1.997,1.997,2.0,2.001,2.0,1.996,1.998,2.001,1.998,1.998,1.995,1.993,1.998,1.999,2.0,1.997,1.998,2.0,1.999,1.992,1.994,1.995,1.998,1.997,2.0,1.998,1.999,2.001,1.996,1.999,1.999,1.998,2.002,1.999,0.0,0.0,0.0,0.0,0.0,0.0,0.0,0.0,0.0,0.0,0.0,0.0,0.0,0.0,0.0,0.0,0.0,0.0,0.0,0.0,0.0,0.0,0.0,0.0,0.0,0.0,0.0,0.0,0.0,0.0,0.0,0.0,0.0,0.0,0.0,0.0
2026-02-01T02:37:24.000,104090.0,104090.0,104090.0,104090.0,104091.0,104090.0,104089.0,104089.0,104089.0,104089.0,104089.0,104089.0,104089.0,104089.0,104089.0,104089.0,104089.0,104089.0,104089.0,104089.0,104089.0,104089.0,104277.0,104090.0,104089.0,104089.0,104091.0,104090.0,104090.0,104090.0,104090.0,104090.0,104090.0,104090.0,104090.0,104090.0,1.997,1.996,1.994,2.0,1.998,2.001,2.0,1.996,1.998,2.001,1.998,1.998,1.995,1.993,1.998,1.999,2.0,1.997,1.998,2.0,1.999,1.992,1.994,1.995,1.998,1.997,2.0,1.998,1.994,1.996,1.995,1.997,1.995,1.995,1.999,1.999,0.0,0.0,0.0,0.0,0.0,0.0,0.0,0.0,0.0,0.0,0.0,0.0,0.0,0.0,0.0,0.0,0.0,0.0,0.0,0.0,0.0,0.0,0.0,0.0,0.0,0.0,0.0,0.0,0.0,0.0,0.0,0.0,0.0,0.0,0.0,0.0
2026-02-01T02:37:25.000,104090.0,104090.0,104090.0,104090.0,104091.0,104090.0,104090.0,104090.0,104090.0,104090.0,104090.0,104090.0,104090.0,104090.0,104090.0,104090.0,104090.0,104090.0,104090.0,104090.0,104089.0,104089.0,104277.0,104090.0,104089.0,104089.0,104091.0,104090.0,104090.0,104090.0,104090.0,104090.0,104090.0,104090.0,104090.0,104090.0,1.997,1.996,1.994,2.0,1.998,1.996,1.994,1.999,2.0,1.996,1.998,1.997,1.995,1.995,1.998,1.995,1.996,1.997,2.001,2.0,1.999,1.992,1.994,1.995,1.998,1.997,2.0,1.998,1.994,1.996,1.995,1.997,1.995,1.995,1.999,1.999,0.0,0.0,0.0,0.0,0.0,0.0,0.0,0.0,0.0,0.0,0.0,0.0,0.0,0.0,0.0,0.0,0.0,0.0,0.0,0.0,0.0,0.0,0.0,0.0,0.0,0.0,0.0,0.0,0.0,0.0,0.0,0.0,0.0,0.0,0.0,0.0
2026-02-01T02:37:26.000,104090.0,104090.0,104090.0,104090.0,104091.0,104090.0,104090.0,104090.0,104090.0,104090.0,104090.0,104090.0,104090.0,104090.0,104090.0,104090.0,104090.0,104090.0,104090.0,104090.0,104090.0,104090.0,104278.0,104091.0,104090.0,104090.0,104092.0,104091.0,104091.0,104091.0,104091.0,104091.0,104091.0,104091.0,104090.0,104090.0,1.997,1.996,1.994,2.0,1.998,1.996,1.994,1.999,2.0,1.996,1.998,1.997,1.995,1.995,1.998,1.995,1.996,1.997,2.001,2.0,1.996,1.995,1.994,1.995,1.998,1.998,1.997,1.995,1.996,1.998,1.995,1.997,1.994,2.003,1.999,1.999,0.0,0.0,0.0,0.0,0.0,0.0,0.0,0.0,0.0,0.0,0.0,0.0,0.0,0.0,0.0,0.0,0.0,0.0,0.0,0.0,0.0,0.0,0.0,0.0,0.0,0.0,0.0,0.0,0.0,0.0,0.0,0.0,0.0,0.0,0.0,0.0
2026-02-01T02:37:27.000,104091.0,104091.0,104091.0,104091.0,104092.0,104091.0,104091.0,104091.0,104091.0,104091.0,104091.0,104091.0,104091.0,104090.0,104090.0,104090.0,104090.0,104090.0,104090.0,104090.0,104090.0,104090.0,104278.0,104091.0,104090.0,104090.0,104092.0,104091.0,104091.0,104091.0,104091.0,104091.0,104091.0,104091.0,104091.0,104091.0,1.995,1.999,1.997,2.002,1.998,1.995,1.998,1.996,1.994,1.992,2.0,2.0,1.995,1.995,1.998,1.995,1.996,1.997,2.001,2.0,1.996,1.995,1.994,1.995,1.998,1.998,1.997,1.995,1.996,1.998,1.995,1.997,1.994,2.003,2.0,2.001,0.0,0.0,0.0,0.0,0.0,0.0,0.0,0.0,0.0,0.0,0.0,0.0,0.0,0.0,0.0,0.0,0.0,0.0,0.0,0.0,0.0,0.0,0.0,0.0,0.0,0.0,0.0,0.0,0.0,0.0,0.0,0.0,0.0,0.0,0.0,0.0
2026-02-01T02:37:28.000,104091.0,104091.0,104091.0,104091.0,104092.0,104091.0,104091.0,104091.0,104091.0,104091.0,104091.0,104091.0,104091.0,104091.0,104091.0,104091.0,104091.0,104091.0,104091.0,104091.0,104091.0,104091.0,104279.0,104092.0,104091.0,104091.0,104093.0,104091.0,104091.0,104091.0,104091.0,104091.0,104091.0,104091.0,104091.0,104091.0,1.995,1.999,1.997,2.002,1.998,1.995,1.998,1.996,1.994,1.992,2.0,2.0,1.995,1.999,1.999,2.002,1.992,2.002,1.995,2.002,1.999,1.992,1.996,1.992,1.993,1.997,2.0,1.995,1.996,1.998,1.995,1.997,1.994,2.003,2.0,2.001,0.0,0.0,0.0,0.0,0.0,0.0,0.0,0.0,0.0,0.0,0.0,0.0,0.0,0.0,0.0,0.0,0.0,0.0,0.0,0.0,0.0,0.0,0.0,0.0,0.0,0.0,0.0,0.0,0.0,0.0,0.0,0.0,0.0,0.0,0.0,0.0
2026-02-01T02:37:29.000,104092.0,104092.0,104092.0,104092.0,104093.0,104092.0,104091.0,104091.0,104091.0,104091.0,104091.0,104091.0,104091.0,104091.0,104091.0,104091.0,104091.0,104091.0,104091.0,104091.0,104091.0,104091.0,104279.0,104092.0,104091.0,104091.0,104093.0,104092.0,104092.0,104092.0,104092.0,104092.0,104092.0,104092.0,104092.0,104092.0,1.995,2.002,1.999,1.996,1.998,2.001,1.998,1.996,1.994,1.992,2.0,2.0,1.995,1.999,1.999,2.002,1.992,2.002,1.995,2.002,1.999,1.992,1.996,1.992,1.993,1.997,2.0,1.998,1.994,2.001,1.996,1.997,1.995,1.995,2.002,1.999,0.0,0.0,0.0,0.0,0.0,0.0,0.0,0.0,0.0,0.0,0.0,0.0,0.0,0.0,0.0,0.0,0.0,0.0,0.0,0.0,0.0,0.0,0.0,0.0,0.0,0.0,0.0,0.0,0.0,0.0,0.0,0.0,0.0,0.0,0.0,0.0
